<?xml version='1.0' encoding='UTF-8' ?>
<timeLogEntries>
  <time id="1" path="/Ejercicios/PSP Fundamentals &amp; Advanced/Student Profile" start="@1518311116000" delta="25" comment="planeacio" />
  <time id="2" path="/Ejercicios/PSP Fundamentals &amp; Advanced/Student Profile" start="@1518312955000" comment="" />
  <time id="3" path="/Ejercicios/PSP Fundamentals &amp; Advanced/Program 1/Planning" start="@1518289224000" delta="20" comment="Elaborar cronograma de ejecución" />
  <time id="4" path="/Ejercicios/PSP Fundamentals &amp; Advanced/Program 1/Planning" start="@1518290424000" delta="10" comment="Montar ambiente de desarrollo." />
  <time id="5" path="/Ejercicios/PSP Fundamentals &amp; Advanced/Program 1/Planning" start="@1518291026000" delta="6" comment="Seleccionar librería para graficar en consola(texttable)" />
  <time id="7" path="/Ejercicios/PSP Fundamentals &amp; Advanced/Program 1/Design" start="@1518292348000" delta="7" comment="Instalar herramienta CASE para realizar el diseño" />
  <time id="8" path="/Ejercicios/PSP Fundamentals &amp; Advanced/Program 1/Design" start="@1518292710000" delta="30" comment="Elaborar modelo de diseño" />
  <time id="9" path="/Ejercicios/PSP Fundamentals &amp; Advanced/Program 1/Code" start="@1518293447000" delta="72" interrupt="30" comment="Implementar la solución" />
  <time id="10" path="/Ejercicios/PSP Fundamentals &amp; Advanced/Program 1/Code" start="@1518299544000" delta="10" comment="Revisión de la implementación contra el diseño propuesto" />
  <time id="11" path="/Ejercicios/PSP Fundamentals &amp; Advanced/Program 1/Test" start="@1518300293000" delta="20" comment="Realizar pruebas unitarias a las funcionalidades." />
  <time id="13" path="/Ejercicios/PSP Fundamentals &amp; Advanced/Program 1/Test" start="@1518301450000" delta="10" comment="Realizar pruebas de caja blanca para optimizar el código fuente" />
  <time id="14" path="/Ejercicios/PSP Fundamentals &amp; Advanced/Program 1/Postmortem" start="@1518388291000" delta="10" comment="Revisión de que el registro de los datos del proyecto halla quedado bien." />
  <time id="15" path="/Ejercicios/PSP Fundamentals &amp; Advanced/Program 1/Postmortem" start="@1518388871000" delta="5" comment="Aplicar lista de chequeo por los scripts de PSP0" />
  <time id="16" path="/Ejercicios/PSP Fundamentals &amp; Advanced/Program 1/Test" start="@1518552825052" delta="22" comment="Realizar pruebas para corregir entrada del ejercicio" />
  <time id="18" path="/Ejercicios/PSP Fundamentals &amp; Advanced/Program 2/Planning" start="@1520285415000" delta="20" comment="Levantar los requerimientos del contador de LOC" />
  <time id="25" path="/Ejercicios/PSP Fundamentals &amp; Advanced/Program 2/Code" start="@1520296807000" delta="38" comment="Perfeccionar e estándar de código python para realizar el conteo de las líneas" />
  <time id="20" path="/Ejercicios/PSP Fundamentals &amp; Advanced/Program 2/Planning" start="@1520293842000" delta="10" comment="Realizar estimación del tamaño del programa" />
  <time id="21" path="/Ejercicios/PSP Fundamentals &amp; Advanced/Program 2/Planning" start="@1520380805000" delta="5" comment="Realizar estimación usando el método PROBE" />
  <time id="22" path="/Ejercicios/PSP Fundamentals &amp; Advanced/Program 2/Design" start="@1520294728000" delta="20" comment="Realizar diseño conceptual" />
  <time id="23" path="/Ejercicios/PSP Fundamentals &amp; Advanced/Program 2/Design" start="@1520295922000" delta="10" comment="Realizar diseño de clases" />
  <time id="24" path="/Ejercicios/PSP Fundamentals &amp; Advanced/Program 2/Design" start="@1520296531000" delta="5" comment="Realizar el diseño de las pruebas unitarias" />
  <time id="26" path="/Ejercicios/PSP Fundamentals &amp; Advanced/Program 2/Code" start="@1520296895000" interrupt="60" comment="Baño y comida" />
  <time id="27" path="/Ejercicios/PSP Fundamentals &amp; Advanced/Program 2/Code" start="@1520301011000" delta="90" comment="Implementar la solución" />
  <time id="30" path="/Ejercicios/PSP Fundamentals &amp; Advanced/Program 2/Test" start="@1520299636000" delta="15" comment="Elaborar test report template" />
  <time id="32" path="/Ejercicios/PSP Fundamentals &amp; Advanced/Program 2/Test" start="@1520353837000" delta="10" comment="Realizar pruebas de regresión" />
  <time id="35" path="/Ejercicios/PSP Fundamentals &amp; Advanced/Program 2/Postmortem" start="@1520379119000" delta="21" comment="Mejorar el documento del reporte de prueba" />
  <time id="34" path="/Ejercicios/PSP Fundamentals &amp; Advanced/Program 2/Postmortem" start="@1520379050000" delta="10" comment="Mejorar las plantillas del modelo conceptual." />
  <time id="36" path="/Ejercicios/PSP Fundamentals &amp; Advanced/Program 2/Postmortem" start="@1520380824000" delta="10" comment="Revisar el reporte de estimación de tamaño, tiempo, log" />
  <time id="37" path="/Ejercicios/PSP Fundamentals &amp; Advanced/Program 3/Planning" start="@1523727174000" delta="20" comment="Levantar los requerimientos del Programa3" />
  <time id="38" path="/Ejercicios/PSP Fundamentals &amp; Advanced/Program 3/Planning" start="@1523726250000" delta="15" comment="Realizar estimación del tamaño del programa" />
  <time id="41" path="/Ejercicios/PSP Fundamentals &amp; Advanced/Program 3/Planning" start="@1523728378000" delta="8" comment="Realizar estimación usando el método PROBE" />
  <time id="44" path="/Ejercicios/PSP Fundamentals &amp; Advanced/Program 3/Planning" start="@1523728859000" interrupt="60" comment="Almuerzo y descanso" />
  <time id="45" path="/Ejercicios/PSP Fundamentals &amp; Advanced/Program 3/Design" start="@1523732463000" delta="23" comment="Realizar diseño conceptual" />
  <time id="46" path="/Ejercicios/PSP Fundamentals &amp; Advanced/Program 3/Design" start="@1523733849000" delta="12" comment="Realizar diseño de clases" />
  <time id="48" path="/Ejercicios/PSP Fundamentals &amp; Advanced/Program 3/Design" start="@1523734618000" delta="6" comment="Realizar el diseño de las pruebas unitarias" />
  <time id="49" path="/Ejercicios/PSP Fundamentals &amp; Advanced/Program 3/Design Review" start="@1523736228000" delta="23" comment="Actualizar la lista de chequeo del codificación que se corresponda por el estándar de python" />
  <time id="50" path="/Ejercicios/PSP Fundamentals &amp; Advanced/Program 3/Design Review" start="@1523734966000" delta="21" comment="Realizar una revisión por la lista de chequeo del diseño" />
  <time id="51" path="/Ejercicios/PSP Fundamentals &amp; Advanced/Program 3/Code" start="@1523737612000" delta="60" comment="Implementar la solución " />
  <time id="52" path="/Ejercicios/PSP Fundamentals &amp; Advanced/Program 3/Code" start="@1523741216000" delta="10" comment="Revisar la solución por el estándar de codificación. " />
  <time id="53" path="/Ejercicios/PSP Fundamentals &amp; Advanced/Program 3/Code Review" start="@1523741781000" delta="20" comment="Revisar la solución por la lista de chequeo de codificación del lenguaje python. " />
  <time id="54" path="/Ejercicios/PSP Fundamentals &amp; Advanced/Program 3/Test" start="@1523743017000" delta="15" comment="Elaborar test report template" />
  <time id="57" path="/Ejercicios/PSP Fundamentals &amp; Advanced/Program 3/Test" start="@1523743914000" delta="10" comment="Realizar pruebas de regresión" />
  <time id="58" path="/Ejercicios/PSP Fundamentals &amp; Advanced/Program 3/Postmortem" start="@1523744461000" delta="10" comment="Mejorar las plantillas del modelo conceptual." />
  <time id="61" path="/Ejercicios/PSP Fundamentals &amp; Advanced/Program 3/Postmortem" start="@1523745091000" delta="12" comment="Mejorar el documento del reporte de prueba" />
  <time id="62" path="/Ejercicios/PSP Fundamentals &amp; Advanced/Program 3/Postmortem" start="@1523745816000" delta="11" comment="Revisar el reporte de estimación de tamaño, tiempo, log" />
  <time id="63" path="/Ejercicios/PSP Fundamentals &amp; Advanced/Program 4/Planning" start="@1524168055000" delta="10" comment="Realizar estimación del tamaño del programa" />
  <time id="64" path="/Ejercicios/PSP Fundamentals &amp; Advanced/Program 4/Planning" start="@1524168632000" delta="15" comment="Levantar los requerimientos del Programa" />
  <time id="65" path="/Ejercicios/PSP Fundamentals &amp; Advanced/Program 4/Planning" start="@1524169555000" delta="5" comment="Realizar estimación usando el método PROBE" />
  <time id="66" path="/Ejercicios/PSP Fundamentals &amp; Advanced/Program 4/Design" start="@1524169855000" delta="16" comment="Realizar diseño conceptual" />
  <time id="67" path="/Ejercicios/PSP Fundamentals &amp; Advanced/Program 4/Design" start="@1524170785000" delta="10" comment="Realizar diseño de clases" />
  <time id="68" path="/Ejercicios/PSP Fundamentals &amp; Advanced/Program 4/Design" start="@1524171409000" delta="7" comment="Realizar el diseño de las pruebas unitarias" />
  <time id="69" path="/Ejercicios/PSP Fundamentals &amp; Advanced/Program 4/Design Review" start="@1524171808000" delta="15" comment="Realizar una revisión por la lista de chequeo del diseño" />
  <time id="70" path="/Ejercicios/PSP Fundamentals &amp; Advanced/Program 4/Code" start="@1524172717000" delta="55" comment="Implementar la solución " />
  <time id="71" path="/Ejercicios/PSP Fundamentals &amp; Advanced/Program 4/Code" start="@1524176032000" delta="10" comment="Revisar la solución por el estándar de codificación. " />
  <time id="72" path="/Ejercicios/PSP Fundamentals &amp; Advanced/Program 4/Code Review" start="@1524176617000" delta="15" comment="Revisar la solución por la lista de chequeo de codificación del lenguaje python. " />
  <time id="73" path="/Ejercicios/PSP Fundamentals &amp; Advanced/Program 4/Test" start="@1524177523000" delta="15" comment="Elaborar test report template" />
  <time id="74" path="/Ejercicios/PSP Fundamentals &amp; Advanced/Program 4/Test" start="@1524178426000" delta="10" comment="Realizar pruebas de regresión" />
  <time id="75" path="/Ejercicios/PSP Fundamentals &amp; Advanced/Program 4/Postmortem" start="@1524179020000" delta="6" comment="Mejorar las plantillas del modelo conceptual." />
  <time id="76" path="/Ejercicios/PSP Fundamentals &amp; Advanced/Program 4/Postmortem" start="@1524179387000" delta="5" comment="Mejorar el documento del reporte de prueba" />
  <time id="77" path="/Ejercicios/PSP Fundamentals &amp; Advanced/Program 4/Postmortem" start="@1524179689000" delta="10" comment="Revisar el reporte de estimación de tamaño, tiempo, log" />
  <time id="78" path="/Ejercicios/PSP Fundamentals &amp; Advanced/Program 5/Planning" start="@1525033522711" delta="10" comment="Realizar estimación del tamaño del programa" />
  <time id="79" path="/Ejercicios/PSP Fundamentals &amp; Advanced/Program 5/Planning" start="@1525034123000" delta="10" comment="Levantar los requerimientos del Programa" />
  <time id="80" path="/Ejercicios/PSP Fundamentals &amp; Advanced/Program 5/Planning" start="@1525034730000" delta="10" comment="Realizar estimación usando el método PROBE" />
  <time id="81" path="/Ejercicios/PSP Fundamentals &amp; Advanced/Program 5/Design" start="@1525035331000" delta="9" comment="Realizar diseño conceptual" />
  <time id="82" path="/Ejercicios/PSP Fundamentals &amp; Advanced/Program 5/Design" start="@1525035873000" delta="7" comment="Realizar diseño de clases" />
  <time id="83" path="/Ejercicios/PSP Fundamentals &amp; Advanced/Program 5/Design" start="@1525036295000" delta="10" comment="Realizar el diseño de las pruebas unitarias" />
  <time id="84" path="/Ejercicios/PSP Fundamentals &amp; Advanced/Program 5/Design Review" start="@1525038372000" delta="10" comment="Realizar una revisión por la lista de chequeo del diseño" />
  <time id="85" path="/Ejercicios/PSP Fundamentals &amp; Advanced/Program 5/Design" start="@1525036880000" delta="15" comment="Realizar el diseño del programa, especificación operacional y de estados. " />
  <time id="86" path="/Ejercicios/PSP Fundamentals &amp; Advanced/Program 5/Code" start="@1525038987000" delta="50" comment="Implementar la solución " />
  <time id="88" path="/Ejercicios/PSP Fundamentals &amp; Advanced/Program 5/Code" start="@1525041969000" delta="10" comment="Revisar la solución por el estándar de codificación. " />
  <time id="89" path="/Ejercicios/PSP Fundamentals &amp; Advanced/Program 5/Code Review" start="@1525042590000" delta="10" comment="Revisar la solución por la lista de chequeo de codificación del lenguaje python. " />
  <time id="90" path="/Ejercicios/PSP Fundamentals &amp; Advanced/Program 5/Test" start="@1525043181000" delta="6" comment="Elaborar test report template" />
  <time id="91" path="/Ejercicios/PSP Fundamentals &amp; Advanced/Program 5/Test" start="@1525043548000" delta="10" comment="Realizar pruebas de regresión" />
  <time id="92" path="/Ejercicios/PSP Fundamentals &amp; Advanced/Program 5/Postmortem" start="@1525044122000" delta="5" comment="Mejorar las plantillas del modelo conceptual." />
  <time id="93" path="/Ejercicios/PSP Fundamentals &amp; Advanced/Program 5/Postmortem" start="@1525044468000" delta="5" comment="Mejorar el documento del reporte de prueba." />
  <time id="94" path="/Ejercicios/PSP Fundamentals &amp; Advanced/Program 5/Postmortem" start="@1525044753000" delta="5" comment="Revisar el reporte de estimación de tamaño, tiempo, log" />
  <time id="95" path="/Ejercicios/PSP Fundamentals &amp; Advanced/Program 5/Postmortem" start="@1525045072000" delta="6" comment="Mejorar la plantilla de especificación del diseño." />
  <time id="96" path="/Ejercicios/PSP Fundamentals &amp; Advanced/Program 6/Planning" start="@1525546835000" delta="6" comment="Realizar estimación del tamaño del programa" />
  <time id="97" path="/Ejercicios/PSP Fundamentals &amp; Advanced/Program 6/Planning" start="@1525547197000" delta="5" comment="Levantar los requerimientos del Programa" />
  <time id="98" path="/Ejercicios/PSP Fundamentals &amp; Advanced/Program 6/Planning" start="@1525547500000" delta="5" comment="Realizar estimación usando el método PROBE" />
  <time id="99" path="/Ejercicios/PSP Fundamentals &amp; Advanced/Program 6/Design" start="@1525547803000" delta="6" comment="Realizar diseño conceptual" />
  <time id="100" path="/Ejercicios/PSP Fundamentals &amp; Advanced/Program 6/Design" start="@1525548174000" delta="6" comment="Realizar diseño de clases" />
  <time id="101" path="/Ejercicios/PSP Fundamentals &amp; Advanced/Program 6/Design" start="@1525548510000" delta="7" comment="Realizar el diseño de las pruebas unitarias" />
  <time id="102" path="/Ejercicios/PSP Fundamentals &amp; Advanced/Program 6/Design" start="@1525548920000" delta="8" comment="Realizar el diseño del programa, especificación operacional y de estados. " />
  <time id="103" path="/Ejercicios/PSP Fundamentals &amp; Advanced/Program 6/Design Review" start="@1525549383000" delta="10" comment="Realizar una revisión por la lista de chequeo del diseño" />
  <time id="104" path="/Ejercicios/PSP Fundamentals &amp; Advanced/Program 6/Code" start="@1525549981000" delta="25" comment="Implementar la solución " />
  <time id="105" path="/Ejercicios/PSP Fundamentals &amp; Advanced/Program 6/Code" start="@1525551526000" delta="5" comment="Revisar la solución por el estándar de codificación. " />
  <time id="106" path="/Ejercicios/PSP Fundamentals &amp; Advanced/Program 6/Code Review" start="@1525551802000" delta="5" comment="Revisar la solución por la lista de chequeo " />
  <time id="107" path="/Ejercicios/PSP Fundamentals &amp; Advanced/Program 6/Test" start="@1525552127000" delta="6" comment="Elaborar test report template" />
  <time id="108" path="/Ejercicios/PSP Fundamentals &amp; Advanced/Program 6/Test" start="@1525552464000" delta="6" comment="Realizar pruebas de regresión" />
  <time id="109" path="/Ejercicios/PSP Fundamentals &amp; Advanced/Program 6/Postmortem" start="@1525552858000" delta="3" comment="Mejorar las plantillas del modelo conceptual." />
  <time id="110" path="/Ejercicios/PSP Fundamentals &amp; Advanced/Program 6/Postmortem" start="@1525553007000" delta="3" comment="Mejorar el documento del reporte de prueba." />
  <time id="111" path="/Ejercicios/PSP Fundamentals &amp; Advanced/Program 6/Postmortem" start="@1525553160000" delta="3" comment="Revisar el reporte de estimación de tamaño, tiempo, log" />
  <time id="112" path="/Ejercicios/PSP Fundamentals &amp; Advanced/Program 6/Postmortem" start="@1525553364000" delta="3" comment="Mejorar la plantilla de especificación del diseño." />
</timeLogEntries>
