<?xml version='1.0' encoding='UTF-8' ?>
<timeLogEntries>
  <time id="113" path="/Ejercicios/PSP Fundamentals &amp; Advanced/Program 7/Planning" start="@1526234456000" delta="6" comment="Realizar estimación del tamaño del programa" flag="A" />
  <time id="114" path="/Ejercicios/PSP Fundamentals &amp; Advanced/Program 7/Planning" start="@1526234766000" delta="5" comment="Levantar los requerimientos del Programa" flag="A" />
  <time id="115" path="/Ejercicios/PSP Fundamentals &amp; Advanced/Program 7/Planning" start="@1526235107000" delta="5" comment="Realizar estimación usando el método PROBE" flag="A" />
  <time id="116" path="/Ejercicios/PSP Fundamentals &amp; Advanced/Program 7/Design" start="@1526235346000" delta="6" comment="Realizar diseño conceptual" flag="A" />
  <time id="117" path="/Ejercicios/PSP Fundamentals &amp; Advanced/Program 7/Design" start="@1526235661000" delta="6" comment="Realizar diseño de clases" flag="A" />
  <time id="118" path="/Ejercicios/PSP Fundamentals &amp; Advanced/Program 7/Design" start="@1526236040000" delta="5" comment="Realizar el diseño de las pruebas unitarias" flag="A" />
  <time id="119" path="/Ejercicios/PSP Fundamentals &amp; Advanced/Program 7/Design" start="@1526236355000" delta="8" comment="Realizar el diseño del programa, especificación operacional y de estados. " flag="A" />
  <time id="120" path="/Ejercicios/PSP Fundamentals &amp; Advanced/Program 7/Design Review" start="@1526236359000" delta="10" comment="Realizar una revisión por la lista de chequeo del diseño" flag="A" />
  <time id="121" path="/Ejercicios/PSP Fundamentals &amp; Advanced/Program 7/Code" start="@1526237532000" delta="35" comment="Implementar la solución " flag="A" />
  <time id="122" path="/Ejercicios/PSP Fundamentals &amp; Advanced/Program 7/Code" start="@1526239659000" delta="7" comment="Revisar la solución por el estándar de codificación. " flag="A" />
  <time id="123" path="/Ejercicios/PSP Fundamentals &amp; Advanced/Program 7/Code Review" start="@1526240054000" delta="7" comment="Revisar la solución por la lista de chequeo " flag="A" />
  <time id="124" path="/Ejercicios/PSP Fundamentals &amp; Advanced/Program 7/Test" start="@1526240468000" delta="6" comment="Elaborar test report template" flag="A" />
  <time id="125" path="/Ejercicios/PSP Fundamentals &amp; Advanced/Program 7/Test" start="@1526240843000" delta="6" comment="Realizar pruebas de regresión" flag="A" />
  <time id="126" path="/Ejercicios/PSP Fundamentals &amp; Advanced/Program 7/Postmortem" start="@1526241214000" delta="3" comment="Mejorar las plantillas del modelo conceptual." flag="A" />
  <time id="127" path="/Ejercicios/PSP Fundamentals &amp; Advanced/Program 7/Postmortem" start="@1526241408000" delta="3" comment="Mejorar el documento del reporte de prueba." flag="A" />
  <time id="128" path="/Ejercicios/PSP Fundamentals &amp; Advanced/Program 7/Postmortem" start="@1526241574000" delta="3" comment="Revisar el reporte de estimación de tamaño, tiempo, log" flag="A" />
  <time id="129" path="/Ejercicios/PSP Fundamentals &amp; Advanced/Program 7/Postmortem" start="@1526241730000" delta="3" comment="Mejorar la plantilla de especificación del diseño." flag="A" />
</timeLogEntries>
